filename	session_id_pseudo	Manufacturer (0008,0070)	Series Description (0008,103E)	Manufacturer's Model Name (0008,1090)	Patient's Sex (0010,0040)	Patient's Age (0010,1010)	Patient's Weight (0010,1030)	Scanning Sequence (0018,0020)	Sequence Variant (0018,0021)	Scan Options (0018,0022)	MR Acquisition Type (0018,0023)	Slice Thickness (0018,0050)	Repetition Time (0018,0080)	Echo Time (0018,0081)	(0018,0082)	Imaging Frequency (0018,0084)	Magnetic Field Strength (0018,0087)	Manufacturer's Model Name (0008,1090)	Spacing Between Slices (0018,0088)	Echo Train Length (0018,0091)	Percent Sampling (0018,0093)	Pixel Bandwidth (0018,0095)	Flip Angle (0018,1314)	Patient Position (0018,5100)	Image Position (Patient) (0020,0032)	Image Orientation (Patient) (0020,0037)	Position Reference Indicator (0020,1040)	Slice Location (0020,1041)	Rows (0028,0010)	Columns (0028,0011)	Pixel Spacing (0028,0030)	Bits Allocated (0028,0100)	Number of Averages (0018,0083)	Echo Number(s) (0018,0086)	(0018,9461)
anat/sub-S09088_ses-E43647_acq-1_run-1_T1w.nii.gz	10556179277389526031132401166703345896	SIEMENS	SAGITALT1	Sonata	M	062Y	75	SE	SP		2D	5.5	450	14	None	63.69194	1.5	Sonata	7.15	1	75	150	90	HFS	6.0798047479649\-164.10553988437\132.37697123785	-0.0785377894153\0.99691113728043\5.194957292e-008\0.02617295...		-3.3496760130527	512	416	0.52734375\0.52734375	16	2	0	None
