filename	Manufacturer (0008,0070)	Series Description (0008,103E)	Manufacturer&rsquo;s Model Name (0008,1090)	Patient ID (0010,0020)	Patient&rsquo;s Sex (0010,0040)	Patient&rsquo;s Age (0010,1010)	Patient&rsquo;s Weight (0010,1030)	Scanning Sequence (0018,0020)	Sequence Variant (0018,0021)	Scan Options (0018,0022)	MR Acquisition Type (0018,0023)	Slice Thickness (0018,0050)	Repetition Time (0018,0080)	Echo Time (0018,0081)	Inversion Time (0018,0082)	Imaging Frequency (0018,0084)	Magnetic Field Strength (0018,0087)	Manufacturer&rsquo;s Model Name (0008,1090)	Spacing Between Slices (0018,0088)	Echo Train Length (0018,0091)	Percent Sampling (0018,0093)	Pixel Bandwidth (0018,0095)	Flip Angle (0018,1314)	Patient Position (0018,5100)	Image Position (Patient) (0020,0032)	Image Orientation (Patient) (0020,0037)	Position Reference Indicator (0020,1040)	Slice Location (0020,1041)	Rows (0028,0010)	Columns (0028,0011)	Pixel Spacing (0028,0030)	Bits Allocated (0028,0100)	Number of Averages (0018,0083)	Echo Number(s) (0018,0086)	(0018,9461)
anat/sub-2_ses-1_run-2_T1w.nii.gz	GE MEDICAL SYSTEMS	CorT1FIR	SIGNA EXCITE	309742868506857266318767310985292225200	M	076Y	68	IR	n/a	VB_GEMS\SEQ_GEMS\TRF_GEMS\FILTERED_GEMS	2D	5	2537.07	28.56	750	63.858867	1.5	SIGNA EXCITE	6.5	6	100	122.07	90	HFS	-128.263\-55.68\115.683	0.997749\-0.0129399\0.0657984\0.0643033\-0.0941203\-0.993482	n/a	68.5019455	512	512	0.468744\0.468747	16	2	1	n/a
anat/sub-2_ses-1_run-1_T1w.nii.gz	GE MEDICAL SYSTEMS	3plT2FGRES	SIGNA EXCITE	309742868506857266318767310985292225200	M	076Y	68	RM	OSP	NPW\PFF	2D	4	39.5	1.8	0	63.858891	1.5	SIGNA EXCITE	5	1	100	244.141	30	HFS	5\-129.492\-20.5078	-0\1\0\-0\-0\-1	n/a	-5	256	256	1.01562\1.01562	16	1	1	n/a
dwi/sub-2_ses-1_acq-1000b_dwi.nii.gz	GE MEDICAL SYSTEMS	OAxDWI1000b	SIGNA EXCITE	309742868506857266318767310985292225200	M	076Y	68	EP\SE	n/a	VB_GEMS\EPI_GEMS\FILTERED_GEMS\PFF	2D	5	10000	94.7	0	63.858878	1.5	SIGNA EXCITE	5.2	1	100	1953.12	90	HFS	-139.095\-147.621\-7.93155	0.999713\-0\0.0239567\0.00146491\0.998116\-0.0613427	n/a	-13.1450243	256	256	1.09374\1.09376	16	1	1	n/a
