filename	Manufacturer (0008,0070)	Series Description (0008,103E)	Manufacturer&rsquo;s Model Name (0008,1090)	Patient ID (0010,0020)	Patient&rsquo;s Sex (0010,0040)	Patient&rsquo;s Age (0010,1010)	Patient&rsquo;s Weight (0010,1030)	Scanning Sequence (0018,0020)	Sequence Variant (0018,0021)	Scan Options (0018,0022)	MR Acquisition Type (0018,0023)	Slice Thickness (0018,0050)	Repetition Time (0018,0080)	Echo Time (0018,0081)	Inversion Time (0018,0082)	Imaging Frequency (0018,0084)	Magnetic Field Strength (0018,0087)	Manufacturer&rsquo;s Model Name (0008,1090)	Spacing Between Slices (0018,0088)	Echo Train Length (0018,0091)	Percent Sampling (0018,0093)	Pixel Bandwidth (0018,0095)	Flip Angle (0018,1314)	Patient Position (0018,5100)	Image Position (Patient) (0020,0032)	Image Orientation (Patient) (0020,0037)	Position Reference Indicator (0020,1040)	Slice Location (0020,1041)	Rows (0028,0010)	Columns (0028,0011)	Pixel Spacing (0028,0030)	Bits Allocated (0028,0100)	Number of Averages (0018,0083)	Echo Number(s) (0018,0086)	(0018,9461)
anat/sub-2_ses-2_run-1_bp-head_vp-ax_T1w.nii.gz,anat/sub-2_ses-2_run-2_bp-head_vp-ax_T1w.nii.gz,anat/sub-2_ses-2_bp-head_vp-cor_T1w.nii.gz	GE MEDICAL SYSTEMS	CORT1SE	SIGNA EXCITE	309742868506857266318767310985292225200	M	076Y	75	SE	n/a	VB_GEMS\FILTERED_GEMS	2D	5	360	16	0	63.858874	1.5	SIGNA EXCITE	6	1	100	61.0547	90	HFS	-118.432\-24.5346\117.8	0.998115\-0.0590232\-0.0168158\-0.0234989\-0.114473\-0.993148	n/a	45.31367493	512	512	0.468757\0.468747	16	1	1	n/a
anat/sub-2_ses-2_run-1_bp-head_vp-ax_T1w.nii.gz	GE MEDICAL SYSTEMS	AXT1SE	SIGNA EXCITE	309742868506857266318767310985292225200	M	076Y	75	SE	n/a	VB_GEMS\FILTERED_GEMS	2D	4.5	560	14	0	63.858886	1.5	SIGNA EXCITE	5.5	1	100	75.1172	90	HFS	-121.627\-140.585\45.2051	0.999934\-0.0113528\-0.00152594\0.0112615\0.9983\-0.0571922	n/a	38.1727562	512	512	0.468746\0.468752	16	1	1	n/a
anat/sub-2_ses-2_run-2_bp-head_vp-ax_T1w.nii.gz	GE MEDICAL SYSTEMS	AXT1SE	SIGNA EXCITE	309742868506857266318767310985292225200	M	076Y	75	SE	n/a	VB_GEMS\FILTERED_GEMS	2D	4.5	560	14	0	63.858881	1.5	SIGNA EXCITE	5.5	1	100	75.1172	90	HFS	-121.793\-144.987\-31.6688	0.999934\-0.0113528\-0.00152591\0.0112615\0.9983\-0.0571922	n/a	-38.70117188	512	512	0.468746\0.468752	16	1	1	n/a
